<?xml version="1.0" encoding="UTF-8"?>

<nrml xmlns:gml="http://www.opengis.net/gml"
      xmlns="http://openquake.org/xmlns/nrml/0.4">
    <logicTree logicTreeID='lt1'>

        <logicTreeBranchingLevel branchingLevelID="bl1">
            <logicTreeBranchSet uncertaintyType="gmpeModel" branchSetID="bs1"
                    applyToTectonicRegionType="Active Shallow Crust">
                <logicTreeBranch branchID="b11">
                     <uncertaintyModel>ChiouYoungs2014</uncertaintyModel>
                    <uncertaintyWeight>0.3</uncertaintyWeight>
                </logicTreeBranch>
                <logicTreeBranch branchID="b12">
                     <uncertaintyModel>ZhaoEtAl2016Asc</uncertaintyModel>
                    <uncertaintyWeight>0.4</uncertaintyWeight>
                </logicTreeBranch>
                <logicTreeBranch branchID="b13">
                     <uncertaintyModel>CauzziEtAl2014</uncertaintyModel>
                    <uncertaintyWeight>0.3</uncertaintyWeight>
                </logicTreeBranch>
            </logicTreeBranchSet>
        </logicTreeBranchingLevel>

        <logicTreeBranchingLevel branchingLevelID="bl2">
            <logicTreeBranchSet uncertaintyType="gmpeModel" branchSetID="bs2"
                    applyToTectonicRegionType="Subduction Interface">
                <logicTreeBranch branchID="b21">
                    <uncertaintyModel>AbrahamsonEtAl2015SInter</uncertaintyModel>
                    <uncertaintyWeight>0.3</uncertaintyWeight>
                </logicTreeBranch>
                <logicTreeBranch branchID="b22">
                    <uncertaintyModel>AtkinsonBoore2003SInter</uncertaintyModel>
                    <uncertaintyWeight>0.4</uncertaintyWeight>
                </logicTreeBranch>
                <logicTreeBranch branchID="23">
                    <uncertaintyModel>ZhaoEtAl2016SInter</uncertaintyModel>
                    <uncertaintyWeight>0.3</uncertaintyWeight>
                </logicTreeBranch>
            </logicTreeBranchSet>
        </logicTreeBranchingLevel>

        <logicTreeBranchingLevel branchingLevelID="bl3">
            <logicTreeBranchSet uncertaintyType="gmpeModel" branchSetID="bs3"
                    applyToTectonicRegionType="Subduction IntraSlab">
                <logicTreeBranch branchID="b31">
                    <uncertaintyModel>ZhaoEtAl2016SSlab</uncertaintyModel>
                    <uncertaintyWeight>0.5</uncertaintyWeight>
                </logicTreeBranch>
                <logicTreeBranch branchID="b32">
                    <uncertaintyModel>AbrahamsonEtAl2015SSlab</uncertaintyModel>
                    <uncertaintyWeight>0.5</uncertaintyWeight>
                </logicTreeBranch>
            </logicTreeBranchSet>
        </logicTreeBranchingLevel>

    </logicTree>
</nrml>
