<?xml version="1.0" encoding="UTF-8"?>
<nrml xmlns:gml="http://www.opengis.net/gml"
      xmlns="http://openquake.org/xmlns/nrml/0.4">
    <logicTree logicTreeID="lt1">
        <logicTreeBranchingLevel branchingLevelID="bl1">

            <logicTreeBranchSet uncertaintyType="sourceModel"
                                branchSetID="bs1">

                <logicTreeBranch branchID="b1">
                    <uncertaintyModel>source_model_ALL.xml</uncertaintyModel>
                    <uncertaintyWeight>1.0</uncertaintyWeight>
                </logicTreeBranch>

            </logicTreeBranchSet>

        </logicTreeBranchingLevel>

    </logicTree>
</nrml>
